Window,Throughput (bits),Avg HoL Delay (s),Dropped
1,1.23645e+06,0.000643357,0
2,1.17225e+06,0.00657487,0
3,1.23069e+06,0.0170522,0
4,1.19177e+06,0.00720226,0
5,1.22376e+06,0.00728619,0
6,1.21419e+06,0.00715969,0
7,1.25626e+06,0.00808618,0
8,1.20465e+06,0.00741656,0
9,1.20579e+06,0.00711409,0
10,1.19675e+06,0.00840094,0
11,1.18346e+06,0.00938851,0
12,1.20059e+06,0.0064719,0
13,1.20724e+06,0.0126327,0
14,1.22732e+06,0.0105186,0
15,1.22038e+06,0.00476603,0
16,1.12812e+06,0.0117343,0
17,1.24919e+06,0.0213908,0
18,1.2397e+06,0.00833169,0
19,1.21539e+06,0.00533444,0
20,1.18402e+06,0.00824049,0
21,1.15654e+06,0.0076918,0
22,1.19318e+06,0.00827135,0
23,1.29079e+06,0.0110403,0
24,1.17171e+06,0.00682028,0
25,1.15929e+06,0.00665476,0
26,1.14476e+06,0.00646747,0
27,1.21256e+06,0.00592725,0
28,1.20354e+06,0.00424658,0
29,1.18431e+06,0.00429017,0
30,1.20663e+06,0.00993642,0
31,1.22522e+06,0.0106766,0
32,1.282e+06,0.0127891,0
33,1.19566e+06,0.00777275,0
34,1.22499e+06,0.0181816,0
35,1.22056e+06,0.00614781,0
36,1.1869e+06,0.010447,0
37,1.23261e+06,0.0178801,0
38,1.1798e+06,0.00786977,0
39,1.19798e+06,0.0110892,0
40,1.16229e+06,0.00945783,0
41,1.2427e+06,0.0186081,0
42,1.18654e+06,0.0128439,0
43,1.25962e+06,0.0150668,0
44,1.15578e+06,0.00523529,0
45,1.24029e+06,0.0106198,0
46,1.1946e+06,0.0104009,0
47,1.14313e+06,0.00453207,0
48,1.16885e+06,0.00565229,0
49,1.25168e+06,0.0131309,0
50,1.20316e+06,0.00974474,0
51,1.18779e+06,0.0118961,0
52,1.21691e+06,0.00879908,0
53,1.22474e+06,0.0103006,0
54,1.1871e+06,0.00794746,0
55,1.25993e+06,0.0098301,0
56,1.18419e+06,0.00646151,0
57,1.18325e+06,0.0107962,0
58,1.24207e+06,0.0272961,0
59,1.22656e+06,0.0147336,0
60,1.19992e+06,0.0114642,0
61,1.19481e+06,0.00937955,0
62,1.25025e+06,0.0142473,0
63,1.19768e+06,0.00879179,0
64,1.21578e+06,0.0194352,0
65,1.20541e+06,0.0167237,0
66,1.21838e+06,0.011612,0
67,1.20723e+06,0.00439208,0
68,1.20551e+06,0.00918958,0
69,1.21589e+06,0.00504674,0
70,1.14247e+06,0.0037673,0
71,1.23385e+06,0.0120179,0
72,1.23161e+06,0.016965,0
73,1.25609e+06,0.00614326,0
74,1.17052e+06,0.00769556,0
75,1.19243e+06,0.00720246,0
76,1.20544e+06,0.0194444,0
77,1.25293e+06,0.0173104,0
78,1.23437e+06,0.0186973,0
79,1.15721e+06,0.0377647,0
80,1.28737e+06,0.0240172,0
81,1.2017e+06,0.00798866,0
82,1.28401e+06,0.00924292,0
83,1.24338e+06,0.0118704,0
84,1.13845e+06,0.00876308,0
85,1.11675e+06,0.0291585,0
86,1.35049e+06,0.0369152,0
87,1.22293e+06,0.0259207,0
88,1.18478e+06,0.0102289,0
89,1.13911e+06,0.00671898,0
90,1.25082e+06,0.00410977,0
91,1.28288e+06,0.00801506,0
92,1.18794e+06,0.00630956,0
93,1.20566e+06,0.00702452,0
94,1.16762e+06,0.00600128,0
95,1.19195e+06,0.00761878,0
96,1.20352e+06,0.00638628,0
97,1.2374e+06,0.00962649,0
98,1.22536e+06,0.00668887,0
99,1.17464e+06,0.0101003,0
100,1.23005e+06,0.00597961,0
101,1.18716e+06,0.0171481,0
102,1.21622e+06,0.00800373,0
103,1.18174e+06,0.010871,0
104,1.2024e+06,0.0257597,0
105,1.2195e+06,0.00939168,0
106,1.18061e+06,0.0105853,0
107,1.25998e+06,0.0262293,0
108,1.2139e+06,0.0129533,0
109,1.21952e+06,0.0125738,0
110,1.22787e+06,0.010213,0
111,1.19575e+06,0.00817196,0
112,1.21762e+06,0.00966695,0
113,1.24274e+06,0.00676243,0
114,1.24441e+06,0.016773,0
115,1.25664e+06,0.0100864,0
116,1.17127e+06,0.00639064,0
117,1.22513e+06,0.00572349,0
118,1.20879e+06,0.0064062,0
119,1.22787e+06,0.0115394,0
120,1.24919e+06,0.00683734,0
121,1.22061e+06,0.0104487,0
122,1.17106e+06,0.00855799,0
123,1.25186e+06,0.0121236,0
124,1.16544e+06,0.00920248,0
125,1.19248e+06,0.0150404,0
126,1.17463e+06,0.0316602,0
127,1.09577e+06,0.0455402,0
128,1.30148e+06,0.0582265,0
129,1.24914e+06,0.0365909,0
130,1.21505e+06,0.0128547,0
131,1.20979e+06,0.00470951,0
132,1.19394e+06,0.0151956,0
133,1.218e+06,0.00584771,0
134,1.16472e+06,0.00677196,0
135,1.19162e+06,0.012372,0
136,1.2219e+06,0.0147858,0
137,1.20753e+06,0.00753782,0
138,1.2004e+06,0.00524778,0
139,1.2258e+06,0.00949291,0
140,1.2321e+06,0.0110562,0
141,1.26536e+06,0.0175553,0
142,1.24526e+06,0.0146407,0
143,1.22998e+06,0.0221857,0
144,1.18994e+06,0.0197656,0
145,1.21383e+06,0.0165864,0
146,1.17947e+06,0.00777429,0
147,1.1361e+06,0.0136081,0
148,1.27862e+06,0.0185349,0
149,1.26451e+06,0.0135951,0
150,1.1967e+06,0.00811102,0
151,1.25295e+06,0.0105221,0
152,1.23464e+06,0.00801019,0
153,1.1646e+06,0.0067333,0
154,1.1672e+06,0.0191444,0
155,1.25478e+06,0.0318869,0
156,1.21775e+06,0.0189261,0
157,1.16497e+06,0.014209,0
158,1.2784e+06,0.0171682,0
159,1.2578e+06,0.0126383,0
160,1.16928e+06,0.0138496,0
161,1.2522e+06,0.00647831,0
162,1.24239e+06,0.00750103,0
163,1.17871e+06,0.0109513,0
164,1.21942e+06,0.0181728,0
165,1.15685e+06,0.0210835,0
166,1.2384e+06,0.0621366,0
167,1.27605e+06,0.0498404,0
168,1.23768e+06,0.0133388,0
169,1.18723e+06,0.00658647,0
170,1.20436e+06,0.0150781,0
171,1.18339e+06,0.00985952,0
172,1.15974e+06,0.00720605,0
173,1.23237e+06,0.0178081,0
174,1.23772e+06,0.00661254,0
175,1.17636e+06,0.00500948,0
176,1.15846e+06,0.0101318,0
177,1.20364e+06,0.0126432,0
178,1.23445e+06,0.00875249,0
179,1.17738e+06,0.00838807,0
180,1.17731e+06,0.00563531,0
181,1.22269e+06,0.0069958,0
182,1.21546e+06,0.00797163,0
183,1.1566e+06,0.0117435,0
184,1.26609e+06,0.0100132,0
185,1.17233e+06,0.00558341,0
186,1.22924e+06,0.00898833,0
187,1.20745e+06,0.0164388,0
188,1.18964e+06,0.00987014,0
189,1.23323e+06,0.00723416,0
190,1.18817e+06,0.0136477,0
191,1.20049e+06,0.0134398,0
192,1.25311e+06,0.0249547,0
193,1.19412e+06,0.017773,0
194,1.22609e+06,0.0425019,0
195,1.27183e+06,0.0408087,0
196,1.23597e+06,0.0274502,0
197,1.20345e+06,0.0308875,0
198,1.22577e+06,0.00629552,0
199,1.22725e+06,0.00677229,0
200,1.11767e+06,0.0119514,0
201,1.27925e+06,0.0292032,0
202,1.23172e+06,0.0103636,0
203,1.16304e+06,0.00465688,0
204,1.19768e+06,0.0148532,0
205,1.21704e+06,0.00472054,0
206,1.2098e+06,0.0078168,0
207,1.2201e+06,0.00555291,0
208,1.3041e+06,0.0245532,0
209,1.18042e+06,0.0240775,0
210,1.2026e+06,0.0252784,0
211,1.23211e+06,0.0151803,0
212,1.20209e+06,0.00635592,0
213,1.20466e+06,0.0062995,0
214,1.17382e+06,0.00553133,0
215,1.14649e+06,0.00769292,0
216,1.24865e+06,0.00881401,0
217,1.22264e+06,0.00745477,0
218,1.18344e+06,0.00814724,0
219,1.24914e+06,0.00865478,0
220,1.19859e+06,0.0123904,0
221,1.19872e+06,0.00681127,0
222,1.24732e+06,0.00735455,0
223,1.16128e+06,0.0137314,0
224,1.24683e+06,0.0106116,0
225,1.19759e+06,0.00754182,0
226,1.22154e+06,0.00853696,0
227,1.17321e+06,0.00686635,0
228,1.2399e+06,0.0104319,0
229,1.2216e+06,0.00986515,0
230,1.25593e+06,0.0159799,0
231,1.18836e+06,0.00914364,0
232,1.16411e+06,0.0121677,0
233,1.20559e+06,0.0110801,0
234,1.23693e+06,0.00683042,0
235,1.15527e+06,0.0111731,0
236,1.1913e+06,0.0163321,0
237,1.2394e+06,0.025628,0
238,1.28823e+06,0.018851,0
239,1.26383e+06,0.00750041,0
240,1.15995e+06,0.0108117,0
241,1.26552e+06,0.016646,0
242,1.22684e+06,0.00884321,0
243,1.23815e+06,0.00719018,0
244,1.18965e+06,0.00805435,0
245,1.22281e+06,0.0271569,0
246,1.26664e+06,0.012973,0
247,1.21101e+06,0.0080284,0
248,1.1972e+06,0.014135,0
249,1.17192e+06,0.00799658,0
250,1.20867e+06,0.0148036,0
251,1.23875e+06,0.0154328,0
252,1.25231e+06,0.0088993,0
253,1.25091e+06,0.00978683,0
254,1.21416e+06,0.00632198,0
255,1.18844e+06,0.0208317,0
256,1.25412e+06,0.0102201,0
257,1.20903e+06,0.00597711,0
258,1.2078e+06,0.00700297,0
259,1.18091e+06,0.0100963,0
260,1.20448e+06,0.0123922,0
261,1.24094e+06,0.0258254,0
262,1.21115e+06,0.00646032,0
263,1.23232e+06,0.00444076,0
264,1.22538e+06,0.00885303,0
265,1.16082e+06,0.0043368,0
266,1.20898e+06,0.00633305,0
267,1.21813e+06,0.00958863,0
268,1.21374e+06,0.00525344,0
269,1.17985e+06,0.0103842,0
270,1.25137e+06,0.0107923,0
271,1.18547e+06,0.0124145,0
272,1.22997e+06,0.00977388,0
273,1.17614e+06,0.0070382,0
274,1.15968e+06,0.006764,0
275,1.21429e+06,0.0159362,0
276,1.20583e+06,0.00576988,0
277,1.21414e+06,0.00814706,0
278,1.21984e+06,0.00565124,0
279,1.18584e+06,0.0145396,0
280,1.27208e+06,0.0184209,0
281,1.21053e+06,0.0149403,0
282,1.19058e+06,0.00996514,0
283,1.22957e+06,0.0112656,0
284,1.14388e+06,0.00480946,0
285,1.24751e+06,0.00876133,0
286,1.25859e+06,0.010521,0
287,1.19932e+06,0.00931353,0
288,1.2616e+06,0.00953425,0
289,1.15355e+06,0.00791447,0
290,1.23189e+06,0.0310425,0
291,1.23214e+06,0.0102552,0
292,1.19684e+06,0.00829865,0
293,1.16988e+06,0.0103491,0
294,1.19989e+06,0.0188556,0
295,1.23374e+06,0.0159246,0
296,1.20378e+06,0.0047829,0
297,1.2546e+06,0.0120032,0
298,1.22638e+06,0.00602897,0
299,1.23277e+06,0.0144544,0
300,1.26511e+06,0.0138144,0
301,1.19407e+06,0.00965277,0
302,1.19698e+06,0.00958459,0
303,1.18299e+06,0.00717545,0
304,1.26906e+06,0.00952899,0
305,1.23159e+06,0.0101134,0
306,1.18691e+06,0.00836705,0
307,1.18295e+06,0.00644234,0
308,1.1852e+06,0.00889148,0
309,1.2482e+06,0.0284225,0
310,1.2095e+06,0.0181463,0
311,1.16009e+06,0.010701,0
312,1.19685e+06,0.0105539,0
313,1.19779e+06,0.00814724,0
314,1.2147e+06,0.0104098,0
315,1.25117e+06,0.0110166,0
316,1.13238e+06,0.0118442,0
317,1.19943e+06,0.0299383,0
318,1.294e+06,0.029027,0
319,1.21085e+06,0.0107419,0
320,1.22343e+06,0.00718679,0
321,1.22585e+06,0.00856761,0
322,1.21752e+06,0.0127942,0
323,1.22165e+06,0.0156684,0
324,1.23145e+06,0.00612137,0
325,1.1644e+06,0.00829737,0
326,1.18688e+06,0.0202204,0
327,1.19828e+06,0.00890137,0
328,1.20832e+06,0.0124634,0
329,1.23487e+06,0.0103714,0
330,1.21868e+06,0.00666402,0
331,1.19236e+06,0.016,0
332,1.25931e+06,0.0500578,0
333,1.13896e+06,0.0476592,0
334,1.27168e+06,0.0718266,0
335,1.10469e+06,0.0751182,0
336,1.19024e+06,0.0879808,0
337,1.34474e+06,0.110439,0
338,1.2484e+06,0.0738824,0
339,1.23519e+06,0.0299356,0
340,1.21806e+06,0.0210923,0
341,1.14748e+06,0.00769702,0
342,1.31087e+06,0.0269532,0
343,1.26093e+06,0.00909231,0
344,1.22092e+06,0.00721478,0
345,1.23541e+06,0.0109643,0
346,1.24479e+06,0.00724321,0
347,1.21573e+06,0.00739466,0
348,1.20301e+06,0.0188967,0
349,1.25946e+06,0.0130619,0
350,1.24545e+06,0.0115779,0
351,1.22134e+06,0.00680289,0
352,1.23656e+06,0.00860751,0
353,1.1919e+06,0.00768262,0
354,1.22078e+06,0.0162782,0
355,1.17563e+06,0.0126951,0
356,1.24572e+06,0.0213336,0
357,1.19631e+06,0.0106181,0
358,1.23939e+06,0.0236702,0
359,1.19803e+06,0.0184647,0
360,1.25786e+06,0.00954825,0
361,1.23966e+06,0.0104638,0
362,1.16853e+06,0.00664062,0
363,1.1911e+06,0.0101339,0
364,1.23542e+06,0.03058,0
365,1.21324e+06,0.00495761,0
366,1.13886e+06,0.0193073,0
367,1.31468e+06,0.026823,0
368,1.19916e+06,0.0107747,0
369,1.19439e+06,0.0190012,0
370,1.26199e+06,0.0156043,0
371,1.20046e+06,0.0048401,0
372,1.1989e+06,0.0078,0
373,1.24482e+06,0.0190886,0
374,1.17452e+06,0.0234362,0
375,1.26538e+06,0.0478417,0
376,1.17133e+06,0.012262,0
377,1.2145e+06,0.00776134,0
378,1.20619e+06,0.0077611,0
379,1.13408e+06,0.0114634,0
380,1.20677e+06,0.0081822,0
381,1.1792e+06,0.0171404,0
382,1.21597e+06,0.017952,0
383,1.24401e+06,0.0180576,0
384,1.20945e+06,0.00767872,0
385,1.21262e+06,0.0121357,0
386,1.1298e+06,0.00595879,0
387,1.24008e+06,0.00829972,0
388,1.20476e+06,0.00620592,0
389,1.25292e+06,0.00735384,0
390,1.21468e+06,0.00530041,0
391,1.19441e+06,0.0226324,0
392,1.26926e+06,0.0122744,0
393,1.19235e+06,0.00612931,0
394,1.22569e+06,0.00901748,0
395,1.16168e+06,0.010183,0
396,1.14663e+06,0.00833188,0
397,1.25155e+06,0.00907568,0
398,1.22375e+06,0.00710522,0
399,1.19732e+06,0.00899833,0
400,1.20009e+06,0.012368,0
401,1.17932e+06,0.00477134,0
402,1.21056e+06,0.0147387,0
403,1.24232e+06,0.0173052,0
404,1.19201e+06,0.00907371,0
405,1.22981e+06,0.0111031,0
406,1.17196e+06,0.0120821,0
407,1.29224e+06,0.0164716,0
408,1.18434e+06,0.00459923,0
409,1.24394e+06,0.0115538,0
410,1.25026e+06,0.0093446,0
411,1.20411e+06,0.00613098,0
412,1.19469e+06,0.00862521,0
413,1.22722e+06,0.00932727,0
414,1.24145e+06,0.0247937,0
415,1.11428e+06,0.0364374,0
416,1.22365e+06,0.0368303,0
417,1.21772e+06,0.0667669,0
418,1.17336e+06,0.0767913,0
419,1.25835e+06,0.0960133,0
420,1.32e+06,0.0683077,0
421,1.31926e+06,0.0489373,0
422,1.1613e+06,0.012997,0
423,1.20681e+06,0.0041918,0
424,1.26526e+06,0.00874491,0
425,1.22496e+06,0.00727261,0
426,1.24425e+06,0.0109927,0
427,1.23514e+06,0.0108907,0
428,1.22223e+06,0.014726,0
429,1.17641e+06,0.00481166,0
430,1.18898e+06,0.00836211,0
431,1.19127e+06,0.00538612,0
432,1.1661e+06,0.0094695,0
433,1.25888e+06,0.0165331,0
434,1.19717e+06,0.00588752,0
435,1.24973e+06,0.0219968,0
436,1.2194e+06,0.0176698,0
437,1.20718e+06,0.0332094,0
438,1.31561e+06,0.0454475,0
439,1.17251e+06,0.0103818,0
440,1.23489e+06,0.0126756,0
441,1.2137e+06,0.0119983,0
442,1.21233e+06,0.0184506,0
443,1.19632e+06,0.00642306,0
444,1.15979e+06,0.00912884,0
445,1.20533e+06,0.00995411,0
446,1.28266e+06,0.00898487,0
447,1.23105e+06,0.0139081,0
448,1.22135e+06,0.0105684,0
449,1.22744e+06,0.00644094,0
450,1.24082e+06,0.00491267,0
451,1.22986e+06,0.0127517,0
452,1.20669e+06,0.00512105,0
453,1.21526e+06,0.00471746,0
454,1.21282e+06,0.0125812,0
455,1.23593e+06,0.0219438,0
456,1.22054e+06,0.0180332,0
457,1.26112e+06,0.0150363,0
458,1.25102e+06,0.00603553,0
459,1.24218e+06,0.0162265,0
460,1.19068e+06,0.00930792,0
461,1.214e+06,0.0113429,0
462,1.23138e+06,0.00778731,0
463,1.21724e+06,0.00839623,0
464,1.15389e+06,0.00469138,0
465,1.19569e+06,0.00842306,0
466,1.15865e+06,0.00663672,0
467,1.1682e+06,0.00823981,0
468,1.23116e+06,0.0166772,0
469,1.24464e+06,0.0163813,0
470,1.21342e+06,0.0139635,0
471,1.22774e+06,0.0121212,0
472,1.24737e+06,0.00681416,0
473,1.19478e+06,0.00832377,0
474,1.17763e+06,0.0140448,0
475,1.13019e+06,0.0408852,0
476,1.32435e+06,0.0337347,0
477,1.1598e+06,0.0112246,0
478,1.1673e+06,0.013461,0
479,1.16317e+06,0.00933824,0
480,1.20315e+06,0.0121935,0
481,1.15672e+06,0.014384,0
482,1.21185e+06,0.0477205,0
483,1.18478e+06,0.0698656,0
484,1.33835e+06,0.0703468,0
485,1.33013e+06,0.0539691,0
486,1.22978e+06,0.0175737,0
487,1.24179e+06,0.00532038,0
488,1.22993e+06,0.0105259,0
489,1.18355e+06,0.00756347,0
490,1.21383e+06,0.0146372,0
491,1.29636e+06,0.0206904,0
492,1.31184e+06,0.0118405,0
493,1.22767e+06,0.00550041,0
494,1.18615e+06,0.00640494,0
495,1.19936e+06,0.00774781,0
496,1.2005e+06,0.00728906,0
497,1.23455e+06,0.0122981,0
498,1.24745e+06,0.0264084,0
499,1.19844e+06,0.011634,0
500,1.22578e+06,0.00770062,0
501,1.26663e+06,0.0155146,0
502,1.21025e+06,0.0105711,0
503,1.18047e+06,0.0100155,0
504,1.20847e+06,0.0112756,0
505,1.22306e+06,0.0122694,0
506,1.2299e+06,0.00568447,0
507,1.16585e+06,0.00988382,0
508,1.26099e+06,0.0192247,0
509,1.26548e+06,0.00529286,0
510,1.13077e+06,0.00835949,0
511,1.21999e+06,0.0125603,0
512,1.12947e+06,0.0216277,0
513,1.19939e+06,0.0294587,0
514,1.25988e+06,0.0155651,0
515,1.2104e+06,0.00821128,0
516,1.24736e+06,0.0122631,0
517,1.1617e+06,0.0088058,0
518,1.25871e+06,0.0250392,0
519,1.30094e+06,0.0213733,0
520,1.20473e+06,0.0131553,0
521,1.21477e+06,0.0106806,0
522,1.1438e+06,0.00990518,0
523,1.17857e+06,0.00815866,0
524,1.16586e+06,0.0122677,0
525,1.20137e+06,0.0101332,0
526,1.21224e+06,0.00733933,0
527,1.15749e+06,0.0115628,0
528,1.17858e+06,0.0214666,0
529,1.26507e+06,0.0174679,0
530,1.18655e+06,0.00586243,0
531,1.25485e+06,0.013182,0
532,1.1925e+06,0.0102846,0
533,1.12702e+06,0.0162836,0
534,1.2204e+06,0.0382568,0
535,1.27818e+06,0.0511371,0
536,1.30901e+06,0.0297391,0
537,1.12129e+06,0.0109075,0
538,1.24968e+06,0.0197154,0
539,1.24124e+06,0.00612193,0
540,1.19041e+06,0.00993742,0
541,1.20476e+06,0.0184612,0
542,1.25019e+06,0.0149846,0
543,1.18962e+06,0.0061189,0
544,1.20471e+06,0.00648819,0
545,1.21251e+06,0.0100259,0
546,1.14246e+06,0.0107726,0
547,1.27314e+06,0.011088,0
548,1.2379e+06,0.0066075,0
549,1.13666e+06,0.0118015,0
550,1.27119e+06,0.0281041,0
551,1.24263e+06,0.0132904,0
552,1.2194e+06,0.0105917,0
553,1.16815e+06,0.00961475,0
554,1.25699e+06,0.0140529,0
555,1.18918e+06,0.00655773,0
556,1.19432e+06,0.0068088,0
557,1.26457e+06,0.00766412,0
558,1.16879e+06,0.00528204,0
559,1.17308e+06,0.00898568,0
560,1.22606e+06,0.00634007,0
561,1.18408e+06,0.00567524,0
562,1.24181e+06,0.00745246,0
563,1.18273e+06,0.0121896,0
564,1.25974e+06,0.0220713,0
565,1.23474e+06,0.00883469,0
566,1.25154e+06,0.00817566,0
567,1.20335e+06,0.00893789,0
568,1.21676e+06,0.0168541,0
569,1.25824e+06,0.0147928,0
570,1.25322e+06,0.00390548,0
571,1.18803e+06,0.00996587,0
572,1.19112e+06,0.02088,0
573,1.25101e+06,0.0150004,0
574,1.15148e+06,0.0174422,0
575,1.24026e+06,0.0355276,0
576,1.1946e+06,0.0157859,0
577,1.26461e+06,0.0117034,0
578,1.19584e+06,0.00561018,0
579,1.20101e+06,0.00719839,0
580,1.26546e+06,0.0141989,0
581,1.19085e+06,0.00817997,0
582,1.22309e+06,0.0103104,0
583,1.28428e+06,0.00980412,0
584,1.20815e+06,0.00714513,0
585,1.25634e+06,0.00632885,0
586,1.22183e+06,0.00672697,0
587,1.1205e+06,0.0166014,0
588,1.23954e+06,0.0217741,0
589,1.24895e+06,0.0107509,0
590,1.1621e+06,0.0105136,0
591,1.27048e+06,0.0209067,0
592,1.20235e+06,0.0109442,0
593,1.22079e+06,0.0131431,0
594,1.16006e+06,0.0111031,0
595,1.28062e+06,0.0332029,0
596,1.20105e+06,0.0191808,0
597,1.23294e+06,0.0133199,0
598,1.23058e+06,0.0115875,0
599,1.14327e+06,0.0145459,0
600,1.28518e+06,0.0215842,0
601,1.21187e+06,0.00956769,0
602,1.15257e+06,0.0164858,0
603,1.25425e+06,0.0139863,0
604,1.24898e+06,0.00794707,0
605,1.23471e+06,0.00766446,0
606,1.19888e+06,0.010025,0
607,1.24188e+06,0.00884036,0
608,1.25234e+06,0.010817,0
609,1.26773e+06,0.013056,0
610,1.16012e+06,0.00530515,0
611,1.1839e+06,0.00389146,0
612,1.17529e+06,0.00890579,0
613,1.21346e+06,0.0149088,0
614,1.20841e+06,0.0112372,0
615,1.22496e+06,0.0185431,0
616,1.15669e+06,0.00783608,0
617,1.18128e+06,0.0136999,0
618,1.24588e+06,0.0105622,0
619,1.14877e+06,0.0162109,0
620,1.24432e+06,0.0140028,0
621,1.19273e+06,0.00857895,0
622,1.21452e+06,0.0117726,0
623,1.31594e+06,0.0225178,0
624,1.1509e+06,0.00760052,0
625,1.17886e+06,0.00538338,0
626,1.22792e+06,0.00742175,0
627,1.2376e+06,0.00838959,0
628,1.21755e+06,0.0092036,0
629,1.23757e+06,0.00420813,0
630,1.18373e+06,0.013455,0
631,1.29682e+06,0.0067533,0
632,1.14692e+06,0.0157785,0
633,1.25752e+06,0.0163118,0
634,1.18091e+06,0.00630309,0
635,1.16617e+06,0.00618023,0
636,1.2737e+06,0.011923,0
637,1.16885e+06,0.0106387,0
638,1.22294e+06,0.0110931,0
639,1.18227e+06,0.00655065,0
640,1.22808e+06,0.00774516,0
641,1.15397e+06,0.0101002,0
642,1.24031e+06,0.0123653,0
643,1.15487e+06,0.0108378,0
644,1.2618e+06,0.0158453,0
645,1.21506e+06,0.00875292,0
646,1.19111e+06,0.00771537,0
647,1.25978e+06,0.0117123,0
648,1.22572e+06,0.00409363,0
649,1.19103e+06,0.00753757,0
650,1.13238e+06,0.00660584,0
651,1.20834e+06,0.00957149,0
652,1.24298e+06,0.00476228,0
653,1.20233e+06,0.00736228,0
654,1.19242e+06,0.0206633,0
655,1.22218e+06,0.0123691,0
656,1.23707e+06,0.0301968,0
657,1.19634e+06,0.0151513,0
658,1.17206e+06,0.00677518,0
659,1.28261e+06,0.0141226,0
660,1.16522e+06,0.00786661,0
661,1.23352e+06,0.00774949,0
662,1.21176e+06,0.00759842,0
663,1.14351e+06,0.00779776,0
664,1.22845e+06,0.0104077,0
665,1.23133e+06,0.00824834,0
666,1.15499e+06,0.00571879,0
667,1.183e+06,0.00764258,0
668,1.22625e+06,0.00874825,0
669,1.15949e+06,0.0124016,0
670,1.22775e+06,0.0343708,0
671,1.29387e+06,0.0468808,0
672,1.26778e+06,0.0093559,0
673,1.1958e+06,0.0113565,0
674,1.18198e+06,0.00841585,0
675,1.20411e+06,0.00628158,0
676,1.23554e+06,0.0138991,0
677,1.21743e+06,0.0128314,0
678,1.2298e+06,0.0174278,0
679,1.21901e+06,0.00652819,0
680,1.21188e+06,0.00888528,0
681,1.21125e+06,0.014047,0
682,1.19984e+06,0.00786133,0
683,1.22491e+06,0.00531219,0
684,1.21806e+06,0.00531963,0
685,1.18519e+06,0.00959003,0
686,1.19326e+06,0.00606284,0
687,1.20028e+06,0.01853,0
688,1.20786e+06,0.0167143,0
689,1.18582e+06,0.00584076,0
690,1.21284e+06,0.00854098,0
691,1.2245e+06,0.0122593,0
692,1.13491e+06,0.00538516,0
693,1.15829e+06,0.00711908,0
694,1.18856e+06,0.0112546,0
695,1.27762e+06,0.0132124,0
696,1.20943e+06,0.0118237,0
697,1.26385e+06,0.0177618,0
698,1.22684e+06,0.0133128,0
699,1.20995e+06,0.00782566,0
700,1.26064e+06,0.00773306,0
701,1.15344e+06,0.00749261,0
702,1.21657e+06,0.00599792,0
703,1.19468e+06,0.00842935,0
704,1.24745e+06,0.0091642,0
705,1.23285e+06,0.00919335,0
706,1.15986e+06,0.0172964,0
707,1.2057e+06,0.0284814,0
708,1.2884e+06,0.0285922,0
709,1.15403e+06,0.00973518,0
710,1.20208e+06,0.0130745,0
711,1.22554e+06,0.0196616,0
712,1.247e+06,0.0157279,0
713,1.23887e+06,0.00651108,0
714,1.15227e+06,0.0164384,0
715,1.24541e+06,0.0402695,0
716,1.24386e+06,0.0230191,0
717,1.23743e+06,0.0107056,0
718,1.17216e+06,0.0084192,0
719,1.20098e+06,0.0302457,0
720,1.23804e+06,0.0285859,0
721,1.18032e+06,0.00885637,0
722,1.21566e+06,0.00727405,0
723,1.23868e+06,0.0134899,0
724,1.15587e+06,0.00546324,0
725,1.22535e+06,0.00812007,0
726,1.16104e+06,0.0112102,0
727,1.14031e+06,0.0216604,0
728,1.25462e+06,0.0117342,0
729,1.2043e+06,0.00787639,0
730,1.28142e+06,0.013353,0
731,1.26076e+06,0.00976964,0
732,1.25914e+06,0.00710341,0
733,1.2183e+06,0.00769083,0
734,1.2343e+06,0.0122904,0
735,1.25211e+06,0.0090977,0
736,1.25708e+06,0.00775164,0
737,1.21657e+06,0.00636967,0
738,1.19672e+06,0.00684642,0
739,1.14388e+06,0.00743908,0
740,1.21942e+06,0.0162442,0
741,1.23726e+06,0.0152525,0
742,1.18286e+06,0.00655338,0
743,1.25471e+06,0.00999714,0
744,1.16749e+06,0.0114115,0
745,1.20767e+06,0.0103139,0
746,1.23604e+06,0.0101847,0
747,1.16243e+06,0.00768954,0
748,1.26036e+06,0.0116572,0
749,1.19158e+06,0.00613533,0
750,1.21804e+06,0.00578483,0
751,1.21416e+06,0.0123743,0
752,1.23461e+06,0.0176881,0
753,1.21479e+06,0.00730974,0
754,1.21042e+06,0.0135761,0
755,1.20055e+06,0.0230413,0
756,1.24282e+06,0.0165479,0
757,1.19032e+06,0.0100622,0
758,1.17115e+06,0.0141536,0
759,1.31159e+06,0.0303228,0
760,1.23981e+06,0.0297139,0
761,1.14408e+06,0.009537,0
762,1.22787e+06,0.00917015,0
763,1.15267e+06,0.0107377,0
764,1.21294e+06,0.00662875,0
765,1.2288e+06,0.0059979,0
766,1.10137e+06,0.011929,0
767,1.24326e+06,0.0259523,0
768,1.22686e+06,0.0178881,0
769,1.1999e+06,0.00712902,0
770,1.20581e+06,0.00679719,0
771,1.22069e+06,0.00734592,0
772,1.1977e+06,0.00902836,0
773,1.11227e+06,0.00915499,0
774,1.2341e+06,0.0106722,0
775,1.19834e+06,0.0129634,0
776,1.26036e+06,0.0141115,0
777,1.25775e+06,0.0255934,0
778,1.22167e+06,0.0068087,0
779,1.22533e+06,0.0113254,0
780,1.211e+06,0.0182212,0
781,1.20208e+06,0.0153353,0
782,1.20097e+06,0.0199156,0
783,1.27424e+06,0.0287347,0
784,1.23153e+06,0.0115201,0
785,1.22792e+06,0.0124098,0
786,1.19974e+06,0.0100398,0
787,1.24303e+06,0.0160272,0
788,1.23782e+06,0.0146638,0
789,1.1743e+06,0.00718252,0
790,1.18379e+06,0.0152332,0
791,1.24702e+06,0.0183917,0
792,1.19502e+06,0.0103747,0
793,1.2023e+06,0.00686577,0
794,1.22897e+06,0.0225282,0
795,1.25726e+06,0.0215742,0
796,1.15789e+06,0.0119232,0
797,1.28496e+06,0.0244606,0
798,1.23924e+06,0.00730706,0
799,1.17098e+06,0.0129593,0
800,1.20996e+06,0.0222468,0
801,1.22977e+06,0.00963279,0
802,1.22498e+06,0.00920284,0
803,1.18176e+06,0.0161267,0
804,1.18948e+06,0.0226867,0
805,1.31376e+06,0.0385394,0
806,1.17509e+06,0.00670073,0
807,1.26447e+06,0.00800081,0
808,1.19346e+06,0.0115258,0
809,1.28136e+06,0.0202021,0
810,1.20921e+06,0.0110653,0
811,1.19953e+06,0.0142885,0
812,1.15605e+06,0.011865,0
813,1.19364e+06,0.0108884,0
814,1.21358e+06,0.00731148,0
815,1.24971e+06,0.0184637,0
816,1.18551e+06,0.0232525,0
817,1.20805e+06,0.051097,0
818,1.19632e+06,0.0234123,0
819,1.25498e+06,0.0164804,0
820,1.22325e+06,0.00686667,0
821,1.15064e+06,0.00693981,0
822,1.20157e+06,0.00914434,0
823,1.20234e+06,0.00735439,0
824,1.17487e+06,0.00729591,0
825,1.12708e+06,0.0377801,0
826,1.2936e+06,0.0246348,0
827,1.18493e+06,0.00523282,0
828,1.14503e+06,0.00792586,0
829,1.19867e+06,0.0143505,0
830,1.21293e+06,0.0139048,0
831,1.21779e+06,0.0120968,0
832,1.21768e+06,0.0120916,0
833,1.20405e+06,0.00891559,0
834,1.21822e+06,0.0117806,0
835,1.22622e+06,0.0146824,0
836,1.19564e+06,0.0062111,0
837,1.25275e+06,0.0107283,0
838,1.22499e+06,0.00531222,0
839,1.20013e+06,0.00630484,0
840,1.24444e+06,0.00666707,0
841,1.25342e+06,0.0104192,0
842,1.19813e+06,0.0254906,0
843,1.25158e+06,0.00736653,0
844,1.22349e+06,0.00811433,0
845,1.22012e+06,0.00635068,0
846,1.24367e+06,0.00774286,0
847,1.18243e+06,0.0061825,0
848,1.19762e+06,0.00708119,0
849,1.17769e+06,0.0159252,0
850,1.3114e+06,0.0287016,0
851,1.21654e+06,0.0175439,0
852,1.21958e+06,0.0114701,0
853,1.17719e+06,0.00547699,0
854,1.18894e+06,0.0123184,0
855,1.20648e+06,0.0208863,0
856,1.18503e+06,0.00995396,0
857,1.22571e+06,0.0138603,0
858,1.21509e+06,0.00720309,0
859,1.14623e+06,0.00373036,0
860,1.18642e+06,0.00881922,0
861,1.16916e+06,0.00898716,0
862,1.17235e+06,0.0208586,0
863,1.25742e+06,0.0280825,0
864,1.25976e+06,0.00687247,0
865,1.17427e+06,0.00374756,0
866,1.17102e+06,0.00486393,0
867,1.20395e+06,0.012361,0
868,1.17109e+06,0.00620258,0
869,1.23804e+06,0.0154988,0
870,1.21139e+06,0.010675,0
871,1.23045e+06,0.0156772,0
872,1.23378e+06,0.00615372,0
873,1.18891e+06,0.0146042,0
874,1.22678e+06,0.00936284,0
875,1.18523e+06,0.01412,0
876,1.21745e+06,0.0184958,0
877,1.208e+06,0.021055,0
878,1.23184e+06,0.00725229,0
879,1.2189e+06,0.0102858,0
880,1.17844e+06,0.0126325,0
881,1.21047e+06,0.00622486,0
882,1.17288e+06,0.00737511,0
883,1.23831e+06,0.00804358,0
884,1.19721e+06,0.00960384,0
885,1.16326e+06,0.0111955,0
886,1.18808e+06,0.00864244,0
887,1.21318e+06,0.0181924,0
888,1.21314e+06,0.0206908,0
889,1.20467e+06,0.0103204,0
890,1.23519e+06,0.00952013,0
891,1.23297e+06,0.0124523,0
892,1.26381e+06,0.00610395,0
893,1.21119e+06,0.00758863,0
894,1.19782e+06,0.012073,0
895,1.17934e+06,0.0119011,0
896,1.28052e+06,0.0109832,0
897,1.20597e+06,0.0180592,0
898,1.2292e+06,0.0174591,0
899,1.19648e+06,0.00880577,0
900,1.24006e+06,0.00662195,0
901,1.16302e+06,0.0123828,0
902,1.23615e+06,0.0197823,0
903,1.14474e+06,0.0123049,0
904,1.27862e+06,0.0341655,0
905,1.27734e+06,0.0142501,0
906,1.20268e+06,0.00602121,0
907,1.14966e+06,0.00462445,0
908,1.22789e+06,0.00515997,0
909,1.26424e+06,0.0059923,0
910,1.21331e+06,0.00676859,0
911,1.13236e+06,0.0108163,0
912,1.21044e+06,0.00981061,0
913,1.17809e+06,0.00598549,0
914,1.17385e+06,0.0108442,0
915,1.25354e+06,0.0128749,0
916,1.25941e+06,0.00520113,0
917,1.19175e+06,0.0079923,0
918,1.20436e+06,0.0104909,0
919,1.18508e+06,0.00782767,0
920,1.16771e+06,0.00991436,0
921,1.26299e+06,0.0135704,0
922,1.17695e+06,0.00718035,0
923,1.22885e+06,0.0189523,0
924,1.22994e+06,0.0105376,0
925,1.19749e+06,0.0182819,0
926,1.21751e+06,0.00979012,0
927,1.22742e+06,0.00611402,0
928,1.21681e+06,0.0072187,0
929,1.23648e+06,0.0274781,0
930,1.23374e+06,0.0246889,0
931,1.26709e+06,0.0135117,0
932,1.17067e+06,0.00782396,0
933,1.23054e+06,0.00784063,0
934,1.19872e+06,0.00529414,0
935,1.23392e+06,0.0189582,0
936,1.22875e+06,0.0304842,0
937,1.17964e+06,0.0155015,0
938,1.22507e+06,0.00820521,0
939,1.17658e+06,0.005536,0
940,1.22264e+06,0.0101878,0
941,1.14196e+06,0.0182116,0
942,1.24524e+06,0.0111708,0
943,1.21762e+06,0.0075,0
944,1.22032e+06,0.0103736,0
945,1.22538e+06,0.00558458,0
946,1.21722e+06,0.0193316,0
947,1.2536e+06,0.0136758,0
948,1.1981e+06,0.0155981,0
949,1.21035e+06,0.00843675,0
950,1.18906e+06,0.0185604,0
951,1.28195e+06,0.0245759,0
952,1.24251e+06,0.0155035,0
953,1.20848e+06,0.00714154,0
954,1.1844e+06,0.0164998,0
955,1.26888e+06,0.029632,0
956,1.24025e+06,0.00717406,0
957,1.16055e+06,0.00798563,0
958,1.2246e+06,0.0101197,0
959,1.2148e+06,0.00804451,0
960,1.20979e+06,0.0148721,0
961,1.23137e+06,0.0146269,0
962,1.22052e+06,0.00689553,0
963,1.19598e+06,0.0168755,0
964,1.24527e+06,0.0169544,0
965,1.15697e+06,0.00993706,0
966,1.2312e+06,0.0194959,0
967,1.19798e+06,0.00619732,0
968,1.15795e+06,0.00583241,0
969,1.1793e+06,0.0117773,0
970,1.23495e+06,0.0171473,0
971,1.17066e+06,0.0109544,0
972,1.21175e+06,0.0108263,0
973,1.14882e+06,0.0103935,0
974,1.25252e+06,0.0159737,0
975,1.22754e+06,0.00856729,0
976,1.23237e+06,0.00535753,0
977,1.15723e+06,0.00748835,0
978,1.20575e+06,0.00662505,0
979,1.27366e+06,0.0130402,0
980,1.2327e+06,0.0120107,0
981,1.17859e+06,0.00821142,0
982,1.20625e+06,0.0152315,0
983,1.21268e+06,0.0131796,0
984,1.17953e+06,0.0105021,0
985,1.17598e+06,0.00788053,0
986,1.19905e+06,0.00454795,0
987,1.20423e+06,0.0133026,0
988,1.18903e+06,0.022576,0
989,1.26186e+06,0.0106957,0
990,1.2098e+06,0.0172329,0
991,1.21563e+06,0.0203768,0
992,1.29066e+06,0.0082471,0
993,1.17203e+06,0.0182262,0
994,1.23905e+06,0.0140161,0
995,1.18373e+06,0.00862759,0
996,1.15302e+06,0.0267418,0
997,1.23681e+06,0.0360946,0
998,1.26966e+06,0.033028,0
999,1.22001e+06,0.00574865,0
1000,1.19953e+06,0.00601771,0
